Workbook

Sheet 0_요약
A1: 리튼(Litten) 원가표 요약
A2: 작성일: 2026년 7월
A4: ▶ 핵심 원가 지표
A5: 구분 | B5: 라이트 | C5: 미디엄 | D5: 헤비 | E5: 설명
A6: 월 원가 (₩, CDN 미적용) | B6: =3_사용자당원가!E11 -> 837.655 | C6: =3_사용자당원가!F11 -> 2992.591 | D6: =3_사용자당원가!G11 -> 8723.155 | E6: 1,000명 규모 기준
A8: ▶ 규모별 사용자당 평균 원가
A9: 사용자 수 | B9: 100명 | C9: 1,000명 | D9: 10,000명 | E9: 50,000명
A10: 사용자당 원가 (₩) | B10: =4_규모별원가!B16 -> 2320.6858 | C10: =4_규모별원가!D16 -> 2100.6858 | D10: =4_규모별원가!F16 -> 2068.6858 | E10: =4_규모별원가!G16 -> 2060.6858
A12: ▶ 핵심 인사이트
A13: 1 | B13: 가장 큰 원가는 데이터 전송(egress) | C13: 저장·요청보다 다운로드 전송이 원가의 30~50% 차지
A14: 2 | B14: 규모 확대 시 사용자당 원가 감소 | C14: 고정비 분산으로 100명 → 10,000명 시 사용자당 원가 50% 감소
A15: 3 | B15: CDN 도입은 1,000명부터 필수 | C15: 전송 원가 50~70% 절감 가능
A16: 4 | B16: 프리미엄 무제한 = 위험 | C16: 헤비 유저 원가가 프리미엄 매출 초과 가능, 공정 사용 정책 필수
A17: 5 | B17: 학기 데이터 특성 활용 | C17: 오래된 학기 자료는 Standard-IA로 자동 이동해 저장 원가 45% 절감
A19: ▶ 시트 구성
A20: 1_단가정보 | B20: AWS S3/CloudFront/서버 단가 (수정하면 전체 원가 재계산)
A21: 2_사용자유형 | B21: 라이트/미디엄/헤비 유저의 사용량 가정 (수정 시 원가 변경)
A22: 3_사용자당원가 | B22: 사용자 1명당 월 원가 계산
A23: 4_규모별원가 | B23: 100명~50,000명 사용자 규모별 총 원가
A24: 5_CDN효과 | B24: CloudFront 도입 시 절감 효과
A26: ▶ 셀 색상 안내
A27: 파란색 숫자 = 입력값 (수정 가능)
A28: 검정색 숫자 = 계산식 (자동 계산)

Sheet 1_단가정보
A1: 리튼(Litten) 원가 단가 정보
A3: 환율 (₩/USD) | B3: 1400 | C3: 가정값 (수시 조정)
A5: 1. AWS S3 요금 (Standard)
A6: 항목 | B6: 단가 (USD) | C6: 단위 | D6: 단가 (₩) | E6: 출처
A7: 저장 (S3 Standard) | B7: 0.025 | C7: GB/월 | D7: =B7*$B$3 -> 35 | E7: AWS 공식
A8: PUT/COPY/POST/LIST 요청 | B8: 0.0045 | C8: 1,000요청 | D8: =B8*$B$3 -> 6.3 | E8: AWS 공식
A9: GET/SELECT 요청 | B9: 0.00035 | C9: 1,000요청 | D9: =B9*$B$3 -> 0.49 | E9: AWS 공식
A10: 데이터 전송 (인터넷, 첫 10TB) | B10: 0.09 | C10: GB | D10: =B10*$B$3 -> 126 | E10: AWS 공식
A11: 데이터 전송 (인터넷, 10~50TB) | B11: 0.085 | C11: GB | D11: =B11*$B$3 -> 119 | E11: AWS 공식
A12: S3 Standard-IA 저장 | B12: 0.0138 | C12: GB/월 | D12: =B12*$B$3 -> 19.32 | E12: AWS 공식
A13: S3 Glacier Instant 저장 | B13: 0.005 | C13: GB/월 | D13: =B13*$B$3 -> 7 | E13: AWS 공식
A15: 2. AWS CloudFront (CDN) 요금
A16: 항목 | B16: 단가 (USD) | C16: 단위 | D16: 단가 (₩) | E16: 출처
A17: CDN 데이터 전송 (아시아, 첫 10TB) | B17: 0.12 | C17: GB | D17: =B17*$B$3 -> 168 | E17: AWS 공식
A18: CDN HTTP/HTTPS 요청 (아시아) | B18: 0.012 | C18: 10,000요청 | D18: =B18*$B$3 -> 16.8 | E18: AWS 공식
A20: 3. 서버 컴퓨팅 요금
A21: 항목 | B21: 월 요금 (₩) | C21: 사양 | D21: 지원 사용자 | E21: 출처
A22: 초기 서버 (Cafe24 가상) | B22: 30000 | C22: 1vCPU/1GB | D22: 약 300명 | E22: Cafe24 참조
A23: 성장 서버 (AWS EC2 t3.medium) | B23: 55000 | C23: 2vCPU/4GB | D23: 약 2,000명 | E23: AWS 참조
A24: 확대 서버 (AWS EC2 t3.xlarge) | B24: 210000 | C24: 4vCPU/16GB | D24: 약 10,000명 | E24: AWS 참조
A25: DB (AWS RDS db.t3.micro) | B25: 25000 | C25: MySQL 기본 | D25: 약 1,000명 | E25: AWS 참조

Sheet 2_사용자유형
A1: 사용자 유형별 월 사용량 가정
A3: 리튼 4단계 사이클 기반 사용 패턴 (헤비 유저 실측: 필기66, 녹음6, 음성35, 문서3, 영상20, 사진3)
A5: 구분 | B5: 라이트 | C5: 미디엄 | D5: 헤비 | E5: 설명
A6: 월 콘텐츠 생성 개수 (건) | B6: 20 | C6: 60 | D6: 140 | E6: 메모+녹음+필기+파일 합계
A7: 파일 크기 평균 (MB) | B7: 5 | C7: 15 | D7: 20 | E7: 녹음·영상 포함 가중평균
A8: 월 저장 증가량 (GB) | B8: =B6*B7/1024 -> 0.09765625 | C8: =C6*C7/1024 -> 0.87890625 | D8: =D6*D7/1024 -> 2.734375 | E8: 개수 × 크기 / 1024
A9: 누적 저장량 (GB) | B9: 0.5 | C9: 3 | D9: 10 | E9: 3~6개월 누적 가정
A10: 월 PUT 요청 수 | B10: 60 | C10: 200 | D10: 500 | E10: 업로드+동기화
A11: 월 GET 요청 수 | B11: 300 | C11: 900 | D11: 2500 | E11: 열람+동기화
A12: 월 LIST 요청 수 | B12: 100 | C12: 300 | D12: 600 | E12: 앱 실행·목록 조회
A13: 월 다운로드량 (GB) | B13: 1.5 | C13: 4 | D13: 7.5 | E13: 재생·미리보기·재동기화
A14: 월 AI API 사용 (USD) | B14: 0.3 | C14: 1.5 | D14: 5 | E14: STT+요약+번역

Sheet 3_사용자당원가
A1: 사용자 1명당 월 원가 계산
A3: 모든 값은 시트 '1_단가정보'와 '2_사용자유형'을 참조합니다
A5: 원가 항목 | B5: 라이트 (USD) | C5: 미디엄 (USD) | D5: 헤비 (USD) | E5: 라이트 (₩) | F5: 미디엄 (₩) | G5: 헤비 (₩)
A6: S3 저장 (Standard) | B6: =2_사용자유형!B9*1_단가정보!B7 -> 0.0125 | C6: =2_사용자유형!C9*1_단가정보!B7 -> 0.075 | D6: =2_사용자유형!D9*1_단가정보!B7 -> 0.25 | E6: =B6*1_단가정보!$B$3 -> 17.5 | F6: =C6*1_단가정보!$B$3 -> 105 | G6: =D6*1_단가정보!$B$3 -> 350
A7: S3 요청 (PUT/GET/LIST) | B7: =(2_사용자유형!B10+2_사용자유형!B12)/1000*1_단가정보!B8+2_사용자유형!B11/1000*1_단가정보!B9 -> 0.000825 | C7: =(2_사용자유형!C10+2_사용자유형!C12)/1000*1_단가정보!B8+2_사용자유형!C11/1000*1_단가정보!B9 -> 0.002565 | D7: =(2_사용자유형!D10+2_사용자유형!D12)/1000*1_단가정보!B8+2_사용자유형!D11/1000*1_단가정보!B9 -> 0.005825 | E7: =B7*1_단가정보!$B$3 -> 1.155 | F7: =C7*1_단가정보!$B$3 -> 3.591 | G7: =D7*1_단가정보!$B$3 -> 8.155
A8: S3 데이터 전송 | B8: =2_사용자유형!B13*1_단가정보!B10 -> 0.135 | C8: =2_사용자유형!C13*1_단가정보!B10 -> 0.36 | D8: =2_사용자유형!D13*1_단가정보!B10 -> 0.675 | E8: =B8*1_단가정보!$B$3 -> 189 | F8: =C8*1_단가정보!$B$3 -> 504 | G8: =D8*1_단가정보!$B$3 -> 945
A9: AI API (STT/요약/번역) | B9: =2_사용자유형!B14 -> 0.3 | C9: =2_사용자유형!C14 -> 1.5 | D9: =2_사용자유형!D14 -> 5 | E9: =B9*1_단가정보!$B$3 -> 420 | F9: =C9*1_단가정보!$B$3 -> 2100 | G9: =D9*1_단가정보!$B$3 -> 7000
A10: 서버 컴퓨팅 분담 | B10: 0.15 | C10: 0.2 | D10: 0.3 | E10: =B10*1_단가정보!$B$3 -> 210 | F10: =C10*1_단가정보!$B$3 -> 280 | G10: =D10*1_단가정보!$B$3 -> 420
A11: 직접 변동비 소계 | B11: =SUM(B6:B10) -> 0.598325 | C11: =SUM(C6:C10) -> 2.137565 | D11: =SUM(D6:D10) -> 6.230825 | E11: =B11*1_단가정보!$B$3 -> 837.655 | F11: =C11*1_단가정보!$B$3 -> 2992.591 | G11: =D11*1_단가정보!$B$3 -> 8723.155
A14: ※ 참고사항
A15: • 위 원가는 CloudFront 미적용 기준. CDN 도입 시 데이터 전송 50~70% 절감 가능
A16: • 서버 컴퓨팅 분담은 사용자 1,000명 기준 추정 (사용자 증가 시 감소)
A17: • 결제 수수료(15~30%)와 고정비(개발·마케팅·CS)는 별도
A18: • AI API 원가는 실측 데이터 기반, 사용 패턴에 따라 변동 가능

Sheet 4_규모별원가
A1: 사용자 규모별 월 총 원가
A3: 규모 확장 시 원가 구조 변화 및 인프라 단계 확인용
A5: 구분 | B5: 100명 | C5: 500명 | D5: 1,000명 | E5: 5,000명 | F5: 10,000명 | G5: 50,000명
A6: 라이트 유저 (60%) | B6: 60 | C6: 300 | D6: 600 | E6: 3000 | F6: 6000 | G6: 30000
A7: 미디엄 유저 (30%) | B7: 30 | C7: 150 | D7: 300 | E7: 1500 | F7: 3000 | G7: 15000
A8: 헤비 유저 (10%) | B8: 10 | C8: 50 | D8: 100 | E8: 500 | F8: 1000 | G8: 5000
A10: S3 저장 (₩) | B10: =B6*3_사용자당원가!$E$6+B7*3_사용자당원가!$F$6+B8*3_사용자당원가!$G$6 -> 7700 | C10: =C6*3_사용자당원가!$E$6+C7*3_사용자당원가!$F$6+C8*3_사용자당원가!$G$6 -> 38500 | D10: =D6*3_사용자당원가!$E$6+D7*3_사용자당원가!$F$6+D8*3_사용자당원가!$G$6 -> 77000 | E10: =E6*3_사용자당원가!$E$6+E7*3_사용자당원가!$F$6+E8*3_사용자당원가!$G$6 -> 385000 | F10: =F6*3_사용자당원가!$E$6+F7*3_사용자당원가!$F$6+F8*3_사용자당원가!$G$6 -> 770000 | G10: =G6*3_사용자당원가!$E$6+G7*3_사용자당원가!$F$6+G8*3_사용자당원가!$G$6 -> 3850000
A11: S3 요청 (₩) | B11: =B6*3_사용자당원가!$E$7+B7*3_사용자당원가!$F$7+B8*3_사용자당원가!$G$7 -> 258.58 | C11: =C6*3_사용자당원가!$E$7+C7*3_사용자당원가!$F$7+C8*3_사용자당원가!$G$7 -> 1292.9 | D11: =D6*3_사용자당원가!$E$7+D7*3_사용자당원가!$F$7+D8*3_사용자당원가!$G$7 -> 2585.8 | E11: =E6*3_사용자당원가!$E$7+E7*3_사용자당원가!$F$7+E8*3_사용자당원가!$G$7 -> 12929 | F11: =F6*3_사용자당원가!$E$7+F7*3_사용자당원가!$F$7+F8*3_사용자당원가!$G$7 -> 25858 | G11: =G6*3_사용자당원가!$E$7+G7*3_사용자당원가!$F$7+G8*3_사용자당원가!$G$7 -> 129290
A12: S3 데이터 전송 (₩) | B12: =B6*3_사용자당원가!$E$8+B7*3_사용자당원가!$F$8+B8*3_사용자당원가!$G$8 -> 35910 | C12: =C6*3_사용자당원가!$E$8+C7*3_사용자당원가!$F$8+C8*3_사용자당원가!$G$8 -> 179550 | D12: =D6*3_사용자당원가!$E$8+D7*3_사용자당원가!$F$8+D8*3_사용자당원가!$G$8 -> 359100 | E12: =E6*3_사용자당원가!$E$8+E7*3_사용자당원가!$F$8+E8*3_사용자당원가!$G$8 -> 1795500 | F12: =F6*3_사용자당원가!$E$8+F7*3_사용자당원가!$F$8+F8*3_사용자당원가!$G$8 -> 3591000 | G12: =G6*3_사용자당원가!$E$8+G7*3_사용자당원가!$F$8+G8*3_사용자당원가!$G$8 -> 17955000
A13: AI API (₩) | B13: =B6*3_사용자당원가!$E$9+B7*3_사용자당원가!$F$9+B8*3_사용자당원가!$G$9 -> 158200 | C13: =C6*3_사용자당원가!$E$9+C7*3_사용자당원가!$F$9+C8*3_사용자당원가!$G$9 -> 791000 | D13: =D6*3_사용자당원가!$E$9+D7*3_사용자당원가!$F$9+D8*3_사용자당원가!$G$9 -> 1582000 | E13: =E6*3_사용자당원가!$E$9+E7*3_사용자당원가!$F$9+E8*3_사용자당원가!$G$9 -> 7910000 | F13: =F6*3_사용자당원가!$E$9+F7*3_사용자당원가!$F$9+F8*3_사용자당원가!$G$9 -> 15820000 | G13: =G6*3_사용자당원가!$E$9+G7*3_사용자당원가!$F$9+G8*3_사용자당원가!$G$9 -> 79100000
A14: 서버·DB 고정비 (₩) | B14: 30000 | C14: 55000 | D14: 80000 | E14: 240000 | F14: 480000 | G14: 2000000
A15: 월 총 원가 (₩) | B15: =SUM(B10:B14) -> 232068.58 | C15: =SUM(C10:C14) -> 1065342.9 | D15: =SUM(D10:D14) -> 2100685.8 | E15: =SUM(E10:E14) -> 10343429 | F15: =SUM(F10:F14) -> 20686858 | G15: =SUM(G10:G14) -> 103034290
A16: 사용자당 평균 (₩) | B16: =B15/(B6+B7+B8) -> 2320.6858 | C16: =C15/(C6+C7+C8) -> 2130.6858 | D16: =D15/(D6+D7+D8) -> 2100.6858 | E16: =E15/(E6+E7+E8) -> 2068.6858 | F16: =F15/(F6+F7+F8) -> 2068.6858 | G16: =G15/(G6+G7+G8) -> 2060.6858
A18: ▶ 권장 인프라 단계
A19: • 100명: Cafe24 초기 서버, S3 Standard, CDN 없음
A20: • 500명: 동일 + DB 별도 검토
A21: • 1,000명: AWS EC2 t3.medium 전환, RDS 도입, CloudFront 검토
A22: • 5,000명: CloudFront 필수, S3 계층형 스토리지 시작
A23: • 10,000명: AWS EC2 t3.xlarge, 오래된 데이터 Standard-IA 이동
A24: • 50,000명: Auto Scaling, ELB, Multi-AZ, Enterprise 계약 협상

Sheet 5_CDN효과
A1: CloudFront CDN 적용 전후 원가 비교
A3: CDN 캐시율 가정: 70% (자주 접근하는 콘텐츠가 캐시에서 응답)
A5: CDN 도입 시 전송 원가 절감률 | B5: 0.4
A7: 구분 | B7: 1,000명 | C7: 5,000명 | D7: 10,000명 | E7: 50,000명
A8: ▶ CDN 미적용 시
A9: S3 데이터 전송 원가 | B9: =4_규모별원가!D12 -> 359100 | C9: =4_규모별원가!E12 -> 1795500 | D9: =4_규모별원가!F12 -> 3591000 | E9: =4_규모별원가!G12 -> 17955000
A11: ▶ CDN 적용 시 (실무 절감률 40% 가정)
A12: CDN 적용 후 전송 원가 | B12: =B9*(1-$B$5) -> 215460 | C12: =C9*(1-$B$5) -> 1077300 | D12: =D9*(1-$B$5) -> 2154600 | E12: =E9*(1-$B$5) -> 10773000
A14: CDN 적용 시 총 전송 원가 | B14: =B12 -> 215460 | C14: =C12 -> 1077300 | D14: =D12 -> 2154600 | E14: =E12 -> 10773000
A16: 월 절감액 | B16: =B9-B14 -> 143640 | C16: =C9-C14 -> 718200 | D16: =D9-D14 -> 1436400 | E16: =E9-E14 -> 7182000
A17: 절감률 | B17: =B16/B9 -> 0.4 | C17: =C16/C9 -> 0.4 | D17: =D16/D9 -> 0.4 | E17: =E16/E9 -> 0.4
A20: ▶ 결론
A21: • 사용자 1,000명 이상에서 CDN 도입 시 명확한 절감 효과
A22: • 캐시율이 높을수록(자주 열람되는 콘텐츠) 효과 커짐
A23: • 학기 자료 특성상 시험 기간 반복 열람 → CDN 효과 큼
A24: • CDN 자체 요금(요청·설정)은 별도이나 절감액이 훨씬 큼
